id;name;delegation_id
1;Agareb;9
2;Es-Soghar;9
3;Ettorba;9
4;Zeliana;9
5;El Mahrouka;9
6;Bouledhieb;9
7;Ben Sahloun;9
8;Gargour;9
9;La Marsa Plage;30
10;La Marsa El Montazeh;30
11;Sidi Daoued;30
12;El Bahr El Azrak;30
13;La Marsa Hadayek;30
14;Gammarth;30
15;Er-Rmila;30
16;Gammarth Supérieur;30
17;La Marsa Erriadh;30
18;La Marsa Medina;30
19;Le Kram Est;28
20;Erriadh;28
21;Bir El Helou;28
22;Le Kram Ouest;28
23;Sidi Amor;28
24;Sidi Fredj;28
25;El Bouhaira;28
26;Jemna Sud;59
27;Jemna Nord;59
28;El Matrouha;55
29;‫‪Rejim‬‬ ‫‪Mâatoug‬‬;55
30;El Gattaya;60
31;El Blidete;59
32;Jersine;59
33;Bchelli;59
34;Ben Mehemed;59
35;Béchri;58
36;Fatnassa;58
37;Negga;58
38;Sidi Amor;257
39;Manouba Centre;257
40;Den-Den Sud;257
41;Den-Den;257
42;‫‪Manouba‬‬;257
43;Cité Er-Riadh;258
44;Cité Ech-Chabeb;258
45;Cité Ennassim;258
46;Khaled Ibn El Oualid;258
47;Douar Hicher;258
48;‫‪Ennajet‬‬;259
49;Gharib;55
50;Sabria Ouest;55
51;Sabria Est;55
52;‫‪Gueïdma‬‬;55
53;‫‪Bichni‬‬‬ ‫‪Edarjin‬‬;55
54;El Haouaira Nord;88
55;Er Riadh;259
56;Es Saida;259
57;El Kobbâa;259
58;‫‪Cité‬‬ ‫‪El‬‬ ‫‪Ouerd‬‬;259
59;Sanhaja;259
60;Oued Ellil;259
61;El Haouaira Sud;88
62;Ksar-Said;257
63;Saheb El Jebel Sud;88
64;Saheb El Jebel Nord;88
65;Dar Allouch;80
66;Hart Ech Choara;80
67;Hammam El Ghezaz;80
68;Ouezdra;80
69;Chaouat;260
70;Bou Krim;88
71;Tazaghrane Ouest;88
72;Zaouiet El Mgaiez;88
73;Tazaghrane Est;88
74;Djedaïda Hached;260
75;Djedaïda;260
76;Ez-Zahra;260
77;El Habibia;260
78;El Mansoura;260
79;Kelibia Ouest;81
80;Kelibia Est;81
81;Melloul;81
82;Azmour;81
83;Tebourba;261
84;Er-Raja;261
85;Banlieue de Tebourba;261
86;Ech-Chouigui;261
87;El Mellaha;261
88;El Ansarine;261
89;Edkhila;261
90;Beni Abdelaziz;83
91;Skalba;83
92;Ali Belhaouen;83
93;Taieb Mhiri;83
94;Erâinine;83
95;Takelsa Nord;79
96;Oued Laâbid;79
97;Bir Ezzit;79
98;Takelsa Centre;79
99;El Arima;79
100;El Ouediane;83
101;El Asfour;83
102;Menzel Hor;83
103;Lezdine;83
104;El Mida;82
105;Lebna;82
106;Korchine;82
107;Om Dhouil;82
108;Fartouna;82
109;El Mraissa;78
110;Soliman;78
111;Soliman Sud;78
112;Borj Ettoumi;262
113;Menzel Bouzelfa Sud;103
114;Errahma;103
115;Damous El Hajja;103
116;Menzel Bouzelfa Nord;103
117;Menzel Bouzelfa Ouest;103
118;El Battane;262
119;El Aroussia;262
120;Mehrine;262
121;El Bassatine;264
122;El Fajja;264
123;Sidi Ali El Hattab;264
124;El Moussadine;263
125;Borj El Amri;263
126;Borj Ennour;263
127;Menzel Habib;263
128;20-mars;264
129;Mornaguia Nord;264
130;Mornaguia;264
131;Bouragba;264
132;Hmaïema;264
133;Bou Lidine;84
134;Ben Ayech;84
135;Boujrida;84
136;Garaet Sassi;84
137;Diar El Hojjaj;84
138;Korba Est;84
139;Korba Ouest;84
140;Bou Charray;78
141;Ech Cherifet;78
142;Bir Drassen;102
143;Beni Khalled Est;102
144;Beni Khalled Sud;102
145;Beni Khalled Nord;102
146;El Maamoura;85
147;Diar Ben Salem;85
148;Tazarka;84
149;Beni Khiar;85
150;Somaa;85
151;Halfa;85
152;Hedi Chaker;87
153;Ennour;87
154;Bir Challouf;87
155;Neapolis;87
156;Al Hadaek;87
157;El Asouak;87
158;Amroun;86
159;Dar Chaabane;86
160;El Fehri;86
161;El Frinine;86
162;Zaouiet Jdidi;102
163;Kobba Lekbira;102
164;Borj Hfaed;100
165;Bou Argoub Sud;100
166;El Machrouha;100
167;Bou Argoub Nord;100
168;Sidi Dhaher;100
169;Belli;100
170;El Kharrouba;100
171;Grombalia Ouest;101
172;Grombalia Est;101
173;Turki;101
174;Nianou;101
175;Bir Bouregba;99
176;Hammamet Nord;99
177;El Mrezga;99
178;Hammamet Est;99
179;Hammamet Ouest;99
180;Barraket Essahel;99
181;Yasmine Hammamet;99
182;Khannguet el Hadjadj;101
183;Chammes;101
184;Fondouk Jedid;101
185;Ain Tebournok;101
186;Jbal Trif;101
187;Sidi Ejdidi;99
188;Esselloum;128
189;Bouficha;128
190;Oued El Kharroub;128
191;Sidi Khlifa;128
192;Ain Errahma;128
193;Essafha;128
194;El Mthalet;128
195;Sidi Said;128
196;Sidi Mtir;128
197;El Frada;129
198;Ain Medhaker;129
199;Takrouna;129
200;Ouled Abdellah;129
201;Menzel Fateh;129
202;Chgarnia;129
203;Enfida;129
204;El Halia 2;182
205;El Helia;182
206;Er-Rbat;182
207;El Medina 2;182
208;El Medina;182
209;Bab El Gharbi;182
210;Skanes;182
211;Sahline Est;180
212;Sahline Ouest;180
213;Môotmar;180
214;Khenis Nord;182
215;Khenis;182
216;Essouayah;130
217;El Aribet;130
218;Hergla;130
219;Grimet Est;129
220;Hicher;129
221;El Garci;129
222;Grimet Ouest;129
223;Mrabet Hached;129
224;Menzel Dar Belwar;129
225;Oued Ameur;127
226;Gmata;127
227;Oued El Abed;127
228;Kondar;127
229;Bir Ejdid;127
230;Bchechna;127
231;Mehadhbia;131
232;Menze El Mahatta;131
233;Ouremma;131
234;El Fokaia;133
235;Chott Mariem;133
236;Ettantana;133
237;Akouda Ouest;133
238;Akouda Est;133
239;Chott Errommane;133
240;Ezzaouaïa‬‬;58
241;El Kantaoui;110
242;Bir Moussa;110
243;El Medina;110
244;El Gharabi;110
245;Sahloul;110
246;‫‪Oum‬‬ ‫‪Essoumâa‬‬;58
247;‫‪Bou‬‬ ‫‪Abdellah‬‬;58
248;‫‪El‬‬ ‫‪Menchia‬‬;58
249;Ksibet El Mediouni;191
250;Khzema;114
251;Oued Blibene;112
252;Mohamed El Karoui;112
253;Hached;112
254;Sahloul;112
255;Bouhsina;112
256;Hedi Chaker;112
257;Taieb Mhiri;111
258;Ibn Khaldoun;111
259;Ali Belhaouen;114
260;Mohamed Maarouf;114
261;Sidi Abdlahmid;111
262;Ksibet Ech Chott;111
263;Sidi Ameur;180
264;Masjed Aïssa;180
265;Elabadla;57
266;Douz Est;57
267;El Aouina Sud;57
268;El Aouina Nord;57
269;Ouerdanine Sud;183
270;Ouerdanine Nord;183
271;Sidi Bou Othman;183
272;Menzel Khair;183
273;Oued El Jebs;183
274;Nouil Nord;56
275;Nouil Sud;56
276;El Adhara;56
277;Ghlissia;56
278;Douz Ouest;56
279;Ouled Mhamed;132
280;El Jarabaa;132
281;Zearna Est;132
282;Balaoum;132
283;El Masdour;184
284;Menzel Harb;184
285;El Golaa;57
286;Sidi Bou Ali;131
287;Essed Sud;131
288;Ech Chouicha;131
289;El Manara;184
290;Bembla Ouest;184
291;Bembla;184
292;Essed Ouest;132
293;Menzel Ennour;184
294;Zaouiet Sousse;134
295;Oued Leya;135
296;Ennagr;135
297;El Kalaa Essghira Hached;135
298;El Kalaa Essghira Ville;135
299;El Kalaa Essghira Est;135
300;Zearna Ouest;132
301;Limagues Estiffimia;60
302;Saïdane;60
303;Mograne;217
304;Bir Halima;217
305;Oued Ezzit;217
306;Oued Erremel;217
307;El Aitha;217
308;Jimla;217
309;Zaghouan Nord;217
310;Zaghouan Ville;217
311;Zaghouan Sud;217
312;Benen Nord;191
313;Benen Sud;191
314;Bodher;191
315;Bou Hjar;188
316;Lamta;188
317;Kebili Sud;59
318;Kébeli nord;60
319;El Mansoura;60
320;Telmine;60
321;Janoura;59
322;Errabta;60
323;Tenbib;60
324;Tonbar;60
325;Bazma;59
326;Kebili Est;60
327;Sayada Est;188
328;Sayada Ouest;188
329;Ksar Hellal;190
330;Cité Erriadh;190
331;Soua;190
332;Ksar Hellal;190
333;‫‪Aïthet‬‬ ‫‪Chelaia‬‬;8
334;Chaffar;8
335;El Fahs;214
336;Banlieue D'El Fahs;214
337;Oued El Khadhra;214
338;Bent Saidane;214
339;Jougar;214
340;El Ghrifet;214
341;Mahrés;8
342;Sidi Ghrib;8
343;Es-Smara;8
344;Mahrés Sud;8
345;Jbel Oust;216
346;Ain Asker;216
347;Ain Essafsaf;216
348;El Châal;2
349;El Ghraiba;2
350;El Hchichina Nord;2
351;El Manar;2
352;Noureddine;136
353;El Knaies;136
354;Habib Thameur;136
355;Ettouara Sud;136
356;Jedidine;136
357;Ennour;136
358;Ettouara Nord;136
359;Kebiline;136
360;Mnaema;136
361;Enjara;136
362;Beni Khaltoum;136
363;Beni Rabiaa;136
364;Borgine;136
365;El Fradi;136
366;‫‪El‬‬ ‫‪Hchichina‬‬ ‫‪Sud‬‬;2
367;Moknine Nord;181
368;Moknine Est;181
369;Moknine Ouest;181
370;Moknine Sud;181
371;Khérédine;181
372;Ras El Ouad;181
373;El Hammada;61
374;Sidi Mohamed;61
375;Skhira;61
376;Naoual;61
377;Sbih;61
378;El Kenitra;61
379;El Khadhra;61
380;Sokrine;189
381;El Aïaïcha;189
382;El Fadhline;189
383;Bou-driss;189
384;Houmet Essouk;189
385;El Baghdadi;179
386;Beklta Sud;179
387;Bekalta Est;179
388;Bekalta Nord;179
389;Sidi Bennour;181
390;Smenja;216
391;Bir M’chergua Gare;216
392;Daleil El Arous;216
393;Bir M'chergua;216
394;Boucha;216
395;Touza;191
396;Zaouiet Kontoch;186
397;Blalma;127
398;El Messaadine;136
399;Ksibet Sousse;134
400;Thrayet;134
401;Ezzriba Hammam Sud;213
402;Ain El Batria;213
403;El Jouf Est;213
404;El Jouf Ouest;213
405;Jeradou;213
406;Bou Achir;213
407;El Ahd El Jadid;113
408;Erriadh;113
409;Ezzriba Hammam Nord;213
410;Ezzriba Village;213
411;Sidi El Heni Sud;126
412;Ouled Ali Bel Hani;126
413;Kroussia Ouest;126
414;Sidi El Heni Centre;126
415;Kroussia Centrale;126
416;Et-Teyaïra;186
417;Jammel Nord;186
418;Jammel Est;186
419;Jammel Ouest;186
420;Jammel Sud;186
421;Beni Hassen Nord;185
422;Beni Hassen Sud;185
423;El Amaiem Sud;214
424;El Amaiem Nord;214
425;Bir Magra;214
426;Telil Essalhi;214
427;Zéramdine Nord;187
428;Zéramdine Sud;187
429;El Hdadra;186
430;Bir Taïeb;186
431;Menzel Kamel;186
432;Ennahli;160
433;Bou Hannech;160
434;Pont de Bizerte;160
435;El Hessiane;160
436;Kallat El Andalous Est;160
437;Kalaat El Andalous Ouest;160
438;Mezaougha;187
439;Melichet;187
440;Menzel Hayet;187
441;Menzel Farsi;181
442;Ouled Ezzouabi;214
443;Oum El Abouab;214
444;Eddroua;214
445;Cherahil;181
446;Amiret El Hojjaj;181
447;Amiret El Fehoul;181
448;Amiret Touazra;181
449;Amiret Touazra Sud;181
450;Saouaf Est;218
451;EL Jnaïha;185
452;Ghnada;185
453;Hatem;185
454;El Hamira;218
455;Borj Touil;161
456;Sidi Bou Khtiwa;161
457;El Medina El Fadhla;161
458;Nkhilet;161
459;El Ghazela;161
460;Raoued;161
461;Jaafar;161
462;Soukra;33
463;Chotrana;33
464;El Bassatine;33
465;Dar Fadhal;33
466;Ettaamir;33
467;Ennassim;33
468;Borj Louzir;33
469;Ariana Supérieure;162
470;Ennasr 2;162
471;Nasr 1;162
472;El Menzah 5;162
473;El Menzah 6;162
474;Ettaamir I;162
475;Ariana Ville;162
476;El Yasmina;162
477;Ariana El Jadida;162
478;15-oct;32
479;El Bassatine;32
480;El Mnihla;32
481;Errafaha;32
482;Ennasr;32
483;Kheireddine Pacha;31
484;20-mars;31
485;Mongi Slim;31
486;07-nov;31
487;18-janv;31
488;09-avr;31
489;Cité Ettadhamen;31
490;Ibn Khaldoun;31
491;Abou El Kacem Echebbi;31
492;Mongi Slim;34
493;Bejaoua;34
494;Cebalet Ben Ammar;34
495;Sidi Thabet;34
496;Chorfech;34
497;Sidi Bou Said;29
498;Amilcar;29
499;Carthage Byrsa;29
500;Mohammed_Ali;29
501;Le Jasmin;29
502;Carthage Plage;29
503;Saouaf Ouest;218
504;Borj Chakir;12
505;Attar;12
506;14-janv;12
507;El Jaiara;12
508;La Goulette Casino;27
509;Kheredine;27
510;Cité Essalema;27
511;Taieb Mhiri;27
512;La Goulette;27
513;Bardo;10
514;Bardo Nord;10
515;El Bassatine;10
516;Khaznadar;10
517;Essaada;10
518;El Fath;10
519;Bardo Sud;10
520;El Hadika;10
521;Bonne Résidence;10
522;Bouchoucha;10
523;Ksar-Said;10
524;Ksar El Bortal;10
525;Ksar-Said 2;10
526;Ibn Sina;10
527;Zarzouna Nord;145
528;Zarzouna Sud;145
529;Jarzouna Ouest;145
530;Boubaker Bakir;146
531;Hassen Nouri;146
532;El Mootamar;146
533;El Medina;146
534;Cheikh Dris;146
535;Bab Mateur;144
536;15-oct;146
537;Habib Hadded;146
538;El Hana;146
539;Jarzouna Est;145
540;El Massida;144
541;Sidi Ameur;144
542;Teskraya;144
543;Louata;144
544;Sidi Ahmed;144
545;Hicher;144
546;Marnissa;144
547;Ain Mariem;146
548;Farhat Hached;144
549;El Korniche;146
550;Menzel Abderrahmane Est;149
551;Menzel Abderrahmane Ouest;149
552;El Azib;149
553;Menjel Djemil Ouest;149
554;Menzel Jemil Est;149
555;Sdiret Sud;1
556;El Garia;147
557;اOuest_Metline;147
558;Metline;147
559;Sdiret Nord;1
560;Oued Ech-Cheikh;1
561;Ras Jebel Sud;147
562;Ras Jebel Nord;147
563;Rafraf;147
564;Sounine;147
565;Ghar El Melh;150
566;Bajou;150
567;Bir Ali Ben Khalifa;1
568;Ouadrane Nord;1
569;El Gandoul;1
570;Ouadrane Sud;1
571;El Khetmine;148
572;El Alia Sud;148
573;El Alia Nord;148
574;Sidi Ali Chabeb;148
575;El Mdina;139
576;Chelagmia;139
577;Cité Jardins;139
578;Cité Ethawra;139
579;En Najah 2;139
580;En Najah 2;139
581;Gabtna 2;139
582;Gabtna 1;139
583;Secteur1;138
584;Guengla;138
585;Tinja;138
586;Bir Chaouch;215
587;Ain El Batthoum;215
588;Saouar;215
589;Sougas;215
590;En Nadhour;215
591;Deghafla Est;218
592;Deghafla Ouest;218
593;Zouaouine;150
594;Ousja;150
595;Amaden;143
596;El Ababsa;143
597;El Hchachna;143
598;El Maalia;143
599;Sehabna;143
600;Mcherga;143
601;Sejnane;143
602;Sidi Mechreg;143
603;El Mabtouh;137
604;Bach Hanba;137
605;Utique;137
606;El Houidh;137
607;Besbassia;137
608;Ain Ghilel;137
609;Sidi Othman;137
610;Nouvelle Utique;137
611;Mateur;141
612;Cité Essadaka;141
613;Mateur Sud;141
614;Boumkhila;141
615;Behaya;141
616;Targuellache;141
617;Nefat;141
618;Arab Majour;141
619;Cité Ennasr;141
620;Banlieue de Mateur;141
621;Ghzala;140
622;El Arab;140
623;Sidi Aissa;140
624;Rakb;140
625;Dhouaouda;140
626;Hached;140
627;Sidi Mansour;140
628;Secteur2;140
629;Ouled El May;140
630;Kef Ghrab;142
631;Tahent;142
632;Berraies;142
633;Essman;142
634;Rouaha;142
635;Chnena;142
636;Ouled Ghanem;142
637;Touajnia;142
638;Bazina;142
639;El Abraj;1
640;Bou Slim;1
641;Sidi Ali Belabed;1
642;Sidi Dhaher;1
643;‫‪Ennadhour‬‬;1
644;Bouarrada;171
645;Henchir Erromman;171
646;Sidi Abdennour;171
647;Tarf Ech Chenna;171
648;Banlieue Bouarada;171
649;Fatis;171
650;Ezzmil;163
651;El Aroussa;163
652;Mousrata;163
653;Sidi Ayed;163
654;Boujlida;163
655;Bargou;164
656;El Behiri;164
657;Ain Boussaadia;164
658;Ed Derija;164
659;Sidi Said;164
660;Ain Fourna;164
661;Banlieue Bargo;164
662;Ouled Fraj;164
663;Kalâat Khasbat;49
664;Nadhour-En;49
665;Sidi Ahmed Essalah;49
666;Hentaïa;49
667;Es Sfina;172
668;El Kabel;172
669;Ouled Znag;172
670;Sidi Morched;172
671;Sidi Hmada;172
672;Kesra;165
673;El Hammam;165
674;Bou Abdallah;165
675;El Mansoura Nord;165
676;El Mansoura Sud;165
677;El Karia Nord;165
678;El Foughoul;165
679;El Karia Sud;165
680;Ellouza;165
681;El Hbabsa Sud;166
682;El Hbabsa Nord;166
683;Bou Ajila;166
684;El Jamilet;166
685;El Msahla;166
686;Esmirat Sud;166
687;Essmirat Nord;166
688;Errouhia;166
689;El Haria;166
690;El Hmaima;166
691;Beni Hazem;167
692;Ras El Oued;167
693;Soualem;167
694;Sayar;167
695;Makther Sud;167
696;Makther Nord;167
697;El Garaa;167
698;Chouarnia;167
699;Send El Haddad;167
700;Bez;167
701;Saddine;167
702;Bechka;3
703;El Hadj Kacem;3
704;Telil El Ajla;3
705;Bou-Thadi;3
706;Menzel Chaker;3
707;Chaleb;3
708;El Bokâa El Bidha;3
709;Bir Mellouli;3
710;Jemma;173
711;Marj Mohaddem;172
712;El Khalsa;173
713;Ain Eddissa;173
714;Sidi Mansour;172
715;Massouj;173
716;Siliana Sud;172
717;Siliana Nord;173
718;Siliana Ville;173
719;El Jouii;173
720;Sejja;172
721;El Arab;173
722;Ettricha;168
723;Bourouis Sud;168
724;Bourous Nord;168
725;El Abbassi;168
726;Ain Achour;168
727;El Krib Gare;168
728;Ain Ezrig;170
729;El Ahouaz Nord;170
730;El Ahouaz Sud;170
731;Al Akhwat;170
732;Al Aksab;170
733;Gaafour Ouest;170
734;Gaafour Est;170
735;El Achech;3
736;El Aouadhna;3
737;Bou Jarboue;3
738;‫‪Majel‬‬ ‫‪Edarj‬‬;3
739;El Krib Sud;169
740;Borj El Masaoudia Nord;169
741;Borj El Masaoudia Sud;169
742;Dokhania;169
743;El Krib Nord;169
744;Hammam Biadha Sud;169
745;Hammam Biadha Nord;169
746;Raihane;39
747;El Hamdia;39
748;Melloula;39
749;Tabarka;39
750;Ain Essobh;39
751;Ain Esnoussi;39
752;Nadhour;39
753;El Hammem;39
754;Ain Draham;38
755;El Homrane;38
756;Ain Salama;38
757;Ouled Sedra;38
758;Oued Ezzan;38
759;Etbaynia;38
760;El Atatfa;38
761;Ain Draham Banlieue;38
762;Khmeyria;38
763;Errouii;38
764;Tegma;38
765;Selloul;38
766;Merkez Mosbah;4
767;El Hencha;4
768;Bir Salah;4
769;Sidi Hassan Belhaj;4
770;El Hajjara;4
771;Bir Chaaba;4
772;Jouaouda;4
773;Dokhane;4
774;Ennasr;4
775;El Houdh;5
776;Djebeniana;5
777;El Kalelja;5
778;Baltech;5
779;El Ajengna;5
780;Batria;5
781;El Louza;5
782;Hazeg;5
783;El Hamaïma;48
784;Safsaf;48
785;El Falta;48
786;El Mahjouba;48
787;Bou Jabeur;48
788;Sed El Khir;48
789;Aïn Snan;48
790;Kalâat Snan;48
791;Mzita;48
792;Oued Ezzebib;64
793;El Groa;64
794;Mellita;62
795;Bou Melel;62
796;Taourit;62
797;Fatou;62
798;Mazraia;62
799;Midoun;63
800;Sedouikech;63
801;Guellala;64
802;El Jouamaa;62
803;El Hachene;62
804;El May;63
805;El Mahboubine;63
806;Sedghaiane;62
807;Essouani;62
808;Oualeg;62
809;Erriadh;62
810;Arkou;63
811;El Khenensa;64
812;Mezrene;64
813;Ajim;64
814;Gloub Ethirane;37
815;Gloub Ethirane Nord;37
816;Jouaouda;37
817;Ouled Mefada;37
818;Halima;37
819;El Adhar;37
820;Hedhil;37
821;Ain El Baya;37
822;Fernana;37
823;Sidi Ammar;37
824;Rabiaa;37
825;Oued Ghrib;37
826;Robbana;63
827;Beni Maaguel;63
828;Bou Hertma;37
829;El Gouaidia;37
830;Bni Mtir;37
831;Somrane;40
832;Balta;40
833;Bou Aouane;40
834;Abdeljabeur;40
835;Oued Kasseb;40
836;Ben Mhammed;40
837;El Aouaoudha;40
838;Chouaoula;40
839;El Baldia;40
840;Ghezala;40
841;Boulaaba;40
842;Sidi El Heni Ouest;126
843;El Galaa;35
844;El Maaden;35
845;Forgassen;35
846;Faj Hassine;35
847;Ghardimaou Nord;35
848;Ghardimaou;35
849;Eddaoura;35
850;Errakha;35
851;Mrassen;35
852;Ain Soltane;35
853;Es Sraya;35
854;Ouechtata;35
855;Hakim Nord;36
856;Hakim Sud;36
857;Oued Mliz Est;36
858;Oued Mliz Ouest;36
859;Dkhaylia;36
860;Ezzouhour;42
861;Bulla Regia;42
862;El Ferdous;42
863;Zatfour;42
864;Essouani;42
865;Chemtou;42
866;Souk Djemaa;42
867;Eddir;42
868;Ennour;43
869;Jendouba Sud;43
870;Ezzghaida;43
871;El Hedi Ben Hassine;42
872;Ezzitouna;53
873;El Ksour;53
874;Louata;53
875;Banou;53
876;Aïn El Ksiba;53
877;Aïn Fedhil;53
878;Ebba;52
879;Dahmani Nord;52
880;Dahmani;52
881;Zouarine;52
882;El Medeïna;52
883;Thermda;52
884;Sidi Baraket Sud;52
885;Sidi Baraket Nord;52
886;Abida;52
887;Borj Eddiouana;51
888;Aïn El Abar;51
889;Menzel Salem;51
890;Djerissa Sud;50
891;Djerissa Nord;50
892;Djerissa Centre;50
893;Enneayem;50
894;Besseriana;50
895;Fej Ettameur;50
896;El Labba;66
897;Zarzis;68
898;20-mars;68
899;Souitir;66
900;Mednine Sud;66
901;Mednine Est;66
902;Hessi Amor;66
903;Er Ragouba Ouest;70
904;Essayah;67
905;20-mars;65
906;Er Ragouba Est;70
907;Oum Ettameur Est;65
908;Koutine;65
909;Ben Guerdane Nord;67
910;Ben Guerdane Sud;67
911;Jamila;67
912;Chahbania;67
913;El Maamerat;67
914;Mednine Nord;65
915;El Amria;67
916;Essouihel;68
917;El Behira;69
918;Oued Ettieb;68
919;Hassi El Jerbi;68
920;El Ogla;68
921;02-mai;65
922;Ouarjijene;69
923;Amra;70
924;Oum Ettameur Ouest;65
925;El Grebis;68
926;Beni-Khedech;69
927;El Maghzaouia;70
928;Chammakh;68
929;Eddekhila;69
930;Khaoui El Ghedir;68
931;Hamadi;68
932;Oued Esseder;66
933;Hessi Mednine;66
934;Ksar El Jedid;69
935;Tahar Sfar;68
936;Sidi Makhlouf;70
937;Ourasnia;67
938;El Grine;70
939;Chareb Errajel;67
940;Ettabai;67
941;Hamadi Boutoufaha;68
942;Nouvelle Amra;66
943;Boughrara;66
944;Jallel;67
945;Neffatia;67
946;Hichem E L Hamadi;68
947;El Ghorabet;68
948;El Bassatine;68
949;El Hamaima;69
950;Darjaoua;70
951;Oued El Khil;69
952;El Menzela;69
953;Ejdaria;68
954;Zammour;69
955;Beni Ghezail;65
956;Mednine Ouest;65
957;Zghaya;69
958;El Benaina;69
959;El Ghabai;70
960;Rahala;69
961;El Gosba;70
962;El Fejij;69
963;El Jourf;70
964;Darghoulia;66
965;Bedoui;70
966;El Ghordhab;76
967;EZZOUHOUR;76
968;EL OUAHA;76
969;GHOMRASSEN;76
970;EN-NASR;71
971;Beni Mehira Est;73
972;Ksar Mehira;73
973;Ksar Aoun;73
974;El Morra;73
975;ERRAHECH;73
976;Nouvelle Chnini;77
977;KHETMA;71
978;GATTOUFA;71
979;EZZAHRA;71
980;El Bassatine;75
981;El Médina;75
982;GRAGER;75
983;EL ARGOUB;75
984;SENED;75
985;BENI BELAL;71
986;EL GALAA OUEST;71
987;Bir Lahmar Ouest;75
988;EL GALAA EST;71
989;Bir Lahmar Est;75
990;ESSAADA;71
991;Ksar El Haddada;76
992;Guermassa;76
993;EL FERCH;76
994;OUED EL GEMAH;71
995;KENBOUT;74
996;EL MAZTOURIA NORD;77
997;NEKRIF;74
998;EL MAZTOURIA SUD;77
999;Remada Ouest;74
1000;TATAOUINE SUPERIEURE;77
1001;REMADA EST;74
1002;TATAOUINE VILLE;77
1003;Oued El Khil;76
1004;KSAR EL MOURABITINE;76
1005;Nouvelle Médina;76
1006;BENI BARKA-TOUNKET;77
1007;BIR THALATHINE;77
1008;El Mouna;71
1009;OUED EL GHAR;71
1010;Kerchaou;73
1011;TELELT;71
1012;BEROURMET;71
1013;ETTADHAMEN;71
1014;Dhehbia Ouest;72
1015;EN-NOZHA;71
1016;Dhehbia Est;72
1017;KSAR EL MOUKABALA;77
1018;El Ghariani;73
1019;MEGHANI;74
1020;Smar;73
1021;Borj El Khadhra;74
1022;Bir Amir;74
1023;CITE EL BARR;77
1024;RAS EL OUEDI;77
1025;ERROGHBA;77
1026;EL MESREB;77
1027;Edouiret;77
1028;GHARGHAR;77
1029;Chenini;77
1030;El Azima;43
1031;El Malga;43
1032;Souk Essebt;43
1033;El Aitha;43
1034;Ain Karima;43
1035;Ettataouer;43
1036;Malla;43
1037;Essaada;43
1038;El Jerif;43
1039;El Brahmi;41
1040;Bir Lakhdher;41
1041;El Marja;41
1042;Sidi Abid;41
1043;El Koudia;41
1044;El Mangouche;41
1045;Erroumani;41
1046;Bou Salem;41
1047;Assila;40
1048;Bousalem Sud;41
1049;Latrach;99
1050;Secteur (4);91
1051;Secteur (3);91
1052;Secteur (2);91
1053;Secteur (1);91
1054;Menzel El Habib;98
1055;Chenini Ouest;97
1056;Chenini Est;97
1057;Chenini Nord;97
1058;Jaouaoula;97
1059;Nahal;97
1060;Bouchemma;97
1061;El Akarit;94
1062;El Fejij;98
1063;Oued Ezzitoun;98
1064;Secteur Est (2);95
1065;Secteur Est (1);95
1066;El Ksar;95
1067;Dekhilet Toujane;89
1068;Habib Thameur;95
1069;Beni Aissa;90
1070;Ez-Zeraoua;90
1071;Bou Attouch;95
1072;Bechima El Kalb;95
1073;Tamazrat;93
1074;Er-Remathi;97
1075;Techine;93
1076;Chott Sidi Abdesselam;91
1077;Matmata;93
1078;Ghanouche Nord;96
1079;Ghanouche Sud;96
1080;Ghanouch Ouest;96
1081;Ghanouch Est;96
1082;Secteur Ouest;95
1083;Beni Zalten;90
1084;Zoughrata;98
1085;Rabiaa Ouali;98
1086;Es-Saki;98
1087;El Mehemla;98
1088;Sidi Touati;89
1089;Mareth Nord;89
1090;Mareth;89
1091;Zerig El Ghandri;89
1092;El Amazir;92
1093;Zemarten;89
1094;Toujane;89
1095;Limaoua;92
1096;Ketana;89
1097;El Medou;92
1098;El Mida;94
1099;Arram;89
1100;Secteur (5);92
1101;Heddaj;90
1102;Secteur Nord;95
1103;Bechima El Borj;95
1104;Nouvelle Matmata;90
1105;El Behaier;95
1106;Chanchou;95
1107;Farhat Hached;95
1108;Secteur Sud;95
1109;Ain Tounine;89
1110;Ouedhref Nord;94
1111;Ayoun Ez-Zerkine;89
1112;Ez-Zerkine;89
1113;El Metouia Sud;94
1114;El Metouia Nord;94
1115;El Hicha;94
1116;El Alaya;89
1117;Zrig Eddakhlania;92
1118;Sidi Boulbaba;92
1119;Ezzarat;89
1120;Ourafinine;89
1121;Teboulbou;92
1122;Ouedhref Sud;94
1123;Oued El Khatef;81
1124;Tafeloun;82
1125;El Amra;6
1126;Bou Derbala;6
1127;Es Salam;6
1128;Dherra Beni Ziad;6
1129;El Mesatria;6
1130;Beliana;6
1131;El Aouabed;105
1132;Khazanet;105
1133;El Afrane Nord;105
1134;Bouzaiane;105
1135;Gremda;105
1136;El Ain;105
1137;El Houda;104
1138;Oued Er-Rmel;104
1139;El Alia;104
1140;Soukra;104
1141;Cite El Habib;104
1142;Merkez Chaker;104
1143;Ayoun El Mayel;105
1144;El Ons;107
1145;Sidi Salah;107
1146;Teniour;107
1147;Merkez El Pacha;109
1148;El Hajeb;108
1149;Merkez Kaddour;109
1150;Sidi Abid;108
1151;Cite Ettaouidhi;109
1152;Tina;108
1153;Ain Chaikh Rouhou;109
1154;Merkez Kaaniche;106
1155;15-nov;109
1156;Saltnia;106
1157;Er-Rbadh;109
1158;Cite Bourguiba;106
1159;El Bassatine;109
1160;Sidi Mansour;106
1161;Cite El Khiari;109
1162;Chihia;107
1163;Es-Sedra;107
1164;Merkez Bouassida;107
1165;Sakiet Ezzit;107
1166;Mohamed Ali;109
1167;Sidi Abbes;109
1168;Cite El Bahri;104
1169;Bedarna;106
1170;Bab El Bhar;109
1171;Merkez Es-Sebai;106
1172;La Medina;109
1173;Khiria;106
1174;Sakiet Eddaier;106
1175;Sidi Frej;7
1176;El Ramla;7
1177;Ouled Kacem;7
1178;El Ataya;7
1179;El Chargui;7
1180;El Kantra;7
1181;El Kalabine;7
1182;El Kraten;7
1183;En-Najet;7
1184;Melita;7
1185;Oum El Aksab;115
1186;Oum El Araies Gare;115
1187;Oum El Araies Centre;115
1188;Ouled El Hadj;122
1189;El Ortos;119
1190;Thalja;120
1191;Djedida;117
1192;Cite Des Travailleurs;121
1193;Daouara;115
1194;Er-Rahiba Sud;125
1195;Er-Rahiba;125
1196;Redeyef Sud;116
1197;Redeyef Nord;116
1198;Redeyef Gare;116
1199;Redeyef Centre;116
1200;Es-Saket;119
1201;Segui Sud;120
1202;El Segui;121
1203;Sned-Nord;117
1204;Sned;117
1205;Es-Souitir;115
1206;Es-Souinia;123
1207;Ech-Channoufia;115
1208;Et-Talh Est;122
1209;Et-Talh Ouest;122
1210;El Assala;124
1211;El Aguila;124
1212;El Amaima;123
1213;El Ongue;119
1214;El Ayaicha;122
1215;Fej;125
1216;El Karia;123
1217;El Ksar Est;118
1218;El Ksar;118
1219;El Guetar Est;119
1220;El Guetar Ouest;119
1221;El Mouthides;125
1222;Metlaoui Gare;120
1223;Metlaoui Centre;120
1224;El Mziraa;120
1225;El Matar;118
1226;Mdhila Centre;121
1227;El Magroun;120
1228;El Moula;124
1229;En-Nadhour;124
1230;Bir Saad;119
1231;Belkhir;122
1232;Tabdit;116
1233;Jbilet Ouest;122
1234;Cite El Amel Est;120
1235;Cite El Amel Ouest;120
1236;Cite Essourour;124
1237;Cite Ech-Chabab;124
1238;Cite Ennour;124
1239;Cite Hached;118
1240;Sidi Ahmed Zarrouk;124
1241;Sidi Boubaker;115
1242;Sidi Aich Est;123
1243;Sidi Aich;123
1244;Sanouche;117
1245;Sahib;121
1246;Abdessadok;117
1247;Alim;117
1248;Amra;118
1249;Ksour El Akhoua;125
1250;Guetis;125
1251;Gafsa Est;124
1252;Gafsa Ville;124
1253;Kef Derbi;124
1254;Krichet Naam;120
1255;Lala;118
1256;Majoura;117
1257;Menzel Gamoudi;123
1258;Menzel Mimoun;125
1259;Oued Ailou;124
1260;Oued El Arta;120
1261;Essed Nord;131
1262;Secteur3;136
1263;El Jebline;136
1264;Boujaafar;114
1265;El Hessinet;151
1266;El Achaba;156
1267;Talalsa;156
1268;Recharcha;151
1269;Sidi Assaker Ouest;151
1270;El Ababsa;156
1271;Ech-Chahda Sud;152
1272;Chorbane;152
1273;Touahria;156
1274;Zeghabna;156
1275;Ghedabna;151
1276;Salakta;151
1277;El Bradaa Nord;151
1278;El Bradaa Sud;151
1279;Oued Guellat;154
1280;El Bassatine;154
1281;Meharza Nord;153
1282;Bou Slim;153
1283;Es-Somra;153
1284;Ez-Zairat;159
1285;Menzel Hamza;157
1286;Zalba Ouest;154
1287;Zalba Est;154
1288;El Kesasba;159
1289;Oued Beja Sud;154
1290;Cherichira;159
1291;Oued Beja Nord;154
1292;Bou Helal;159
1293;Sidi Zid;159
1294;El Mechalet;156
1295;Ksour Essaf Ettakaddoum;151
1296;El Aitha;156
1297;Riadh Bou Helal;156
1298;El Ktanine;151
1299;Ksour Essaf Riadh;151
1300;El Mourabitine;156
1301;El Ksar;151
1302;Es-Zaouia;156
1303;El Ajilet;153
1304;Chehimet Nord;153
1305;Ouled Amor;153
1306;Ouled Chamekh Nord;153
1307;Ouled Chamekh Sud;153
1308;Zerata;157
1309;Sidi Alouane Ouest;154
1310;Hebira;158
1311;Sidi Abdellaziz;253
1312;Hekaima Ouest;155
1313;Ben Hssine;253
1314;El Hekaima Est;155
1315;El Mansoura;253
1316;Er-Remal;155
1317;El Aitha;253
1318;Kerker;157
1319;El Houes;157
1320;Bou Merdes;157
1321;El Maherza Sud;158
1322;Ech-Chahda Ouest;158
1323;Sakiet El Khadem;154
1324;Sidi Naceur;159
1325;Zorda;154
1326;Es-Saida;159
1327;Sidi Alouane Est;154
1328;Essouassi;159
1329;Ouled Salah;151
1330;Es- Saada;154
1331;Ech-Chahimet Sud;159
1332;Ouled Moulahem Ouest;159
1333;En-Nozha;154
1334;Ouled Moulahem Nord;159
1335;Bouhlale El Ali Nord;157
1336;Bouhlale El Ali Sud;157
1337;Ech-Chouariaa;157
1338;Er-Rouadhi;157
1339;Chebba Nord;252
1340;Chiba;155
1341;Rejiche Sud;155
1342;Rejiche;155
1343;Ouled El Hannachi;152
1344;El Gradha Est;152
1345;El Gradha Ouest;152
1346;Ech- Charaf;152
1347;El Gouacem Est;152
1348;El Gouacem Ouest;152
1349;Ech-Chahda Est;152
1350;Regaigua;158
1351;Menzel Hached;158
1352;Zouila Sud;155
1353;Zouila;155
1354;Mahdia;155
1355;Hiboun;155
1356;Melloulech;253
1357;Zegana;155
1358;Ez-Zahra;155
1359;El Maati;152
1360;Es-Saafet;252
1361;Chebba Sud;252
1362;Jaouaouda;155
1363;Es-Saad;155
1364;La Galite;146
1365;El Canal;146
1366;El Habib Bou Katfa;146
1367;El Khadhra;42
1368;01-juin;178
1369;El-Assil;178
1370;El Ezdihar;175
1371;Ettahir;178
1372;El Hamma;177
1373;El-Hadher;175
1374;El Khadar Ben Houssine;178
1375;Er-Remitha;174
1376;Ez-Zebda;175
1377;Es-Seni;178
1378;Ech-Chabia;175
1379;Chafai Ech-Cherif;178
1380;Chebika;174
1381;El Ayoun;178
1382;El Keitna;175
1383;El Mahassen;177
1384;En-Namlat;177
1385;El Habaila;175
1386;El Haouadef;175
1387;El Ouaha;178
1388;Bou Helal;177
1389;Tameghza;174
1390;Hazoua;176
1391;Hattem;176
1392;Cite L'Aeroport;175
1393;Dghoumes;177
1394;Degach Sud;177
1395;Degach Nord;177
1396;Ras Draa-Helba;175
1397;Sebaa Abar;177
1398;Chakmou;177
1399;Ain Ouled El Ggerissi;176
1400;Ain El Karma;174
1401;Foum El Khangua;174
1402;Masghouna;175
1403;Midas;174
1404;Ech-Chaffai;200
1405;Telept;202
1406;Ain Esselsela;204
1407;Bouhaya;202
1408;Tiwicha;204
1409;El Gounna;195
1410;Errakhmet;195
1411;Semama;195
1412;Cite Essourour;195
1413;Sbeitla;195
1414;El Khadhra;195
1415;Ouassaia;195
1416;Machrek Ech-Chams;195
1417;Ech-Charaya;195
1418;Eddouleb;195
1419;El Arich;197
1420;Majel Bel Abbes Nord;201
1421;El Khadhra;197
1422;El Bassatine;197
1423;Ennour Ouest;197
1424;Ennour Est;197
1425;El Ksar;195
1426;Abdeladhim;202
1427;El Araar;202
1428;Es-Skhirat;202
1429;El Ahouach;202
1430;El Erg;202
1431;Hassi El Ferid;199
1432;Essalloum;199
1433;Khanguet Jezia;199
1434;El Hechim;199
1435;Bouderiass;203
1436;Ain El Hamadna;193
1437;El Brika;203
1438;Fej Terbah;193
1439;El Hazza;203
1440;Djedliane;193
1441;El Kamour;199
1442;El Aadhira;203
1443;Feriana;202
1444;Eddachra;200
1445;Om Ali;202
1446;El Baouajer;204
1447;Bouchebka;202
1448;El Brek;204
1449;El Grine;204
1450;Garet En-Naam;202
1451;Hanachi;202
1452;El Ayoun;204
1453;Thala Est;200
1454;Ezzouhour Ouest (1);13
1455;Ezzouhour Est (2);13
1456;Ouled Mahfoudh;203
1457;Ezzouhour Est(1);13
1458;Ain El Khemaissia;192
1459;Khmouda Nord;203
1460;Foussana Lahouaz;203
1461;Foussana;203
1462;Ain Eddefla;196
1463;Es-Sray;196
1464;Lajrad;196
1465;Ouljet Edhel;200
1466;El Mekimen;196
1467;Sidi M'Hammed;200
1468;T'Baga;196
1469;El Meziraa;203
1470;Afrane;203
1471;Khmouda Sud;203
1472;Sbiba;192
1473;Er-Rtibet;203
1474;El Garaa El Hamra;195
1475;Ain Oum El Jedour;193
1476;Ain El Jinene;203
1477;Mehrza;193
1478;Ezzouhour Ouest (4);13
1479;Ezzouhour Ouest (3);13
1480;Ezzouhour Ouest (2);13
1481;Boulaaba;197
1482;Majel Bel Abbes Sud;201
1483;El Joua;200
1484;Sidi Harreth;194
1485;Oued Errachech;200
1486;Eddoghra;194
1487;Barmajna;200
1488;Ain Aj-Jadeida;200
1489;Bouzguam;194
1490;Meghdoudech;194
1491;Boulhijet;194
1492;Thala Ouest;200
1493;El Aouija;194
1494;El Mezara;195
1495;El Athar;195
1496;Boulahnech;200
1497;Hidra;196
1498;Zelfane;200
1499;El Hamed;200
1500;Etthamed;192
1501;Ain Zaiene;192
1502;Brahim Ezzahhar;192
1503;Oued El Hatab;192
1504;El Ahouaz;192
1505;Groua El Jedra;201
1506;Soula;201
1507;Henchir Oum El Khir;201
1508;Ennadhour;201
1509;Oum Laksab;201
1510;Ahouaz El Hajeb;255
1511;Ouled Khalfallah;212
1512;Ouled Achour;211
1513;Ouled Amor;207
1514;Ouled Farjallah Sud;254
1515;Ouled Fardjallah Nord;211
1516;Ouled Nhar;208
1517;Al Aghalba;209
1518;Al Ansar;209
1519;Elbaten;209
1520;El Behair;210
1521;El Briket;256
1522;Ettaen;208
1523;El Jemaa Sud;209
1524;El Jemaa Nord;209
1525;Jeblia Sud;209
1526;Jeblia Nord;209
1527;Jaouaouda;206
1528;El Hajeb Centre;255
1529;El Hammam;208
1530;El Hmidet;256
1531;El Houfia;212
1532;Khazazia;208
1533;El Khadra;208
1534;Ed-Dekhila;205
1535;Ed-Dheriaat;205
1536;rehima;255
1537;Errouisset;206
1538;Sbikha Centre;205
1539;Esserja;255
1540;Echbika;206
1541;Cheraitia Sud;254
1542;Echrarda;254
1543;Cheraitia Nord;211
1544;Ech-Chorfa;205
1545;Cherichira;212
1546;Chogafia;205
1547;Chaouachi;255
1548;Chouamekh;211
1549;Ettouila;256
1550;El Alaa;207
1551;El Alam;205
1552;El Aouamria;206
1553;El Aouitha;205
1554;El Ain El Beidha;212
1555;El Ghabet;209
1556;El Ghouiba;255
1557;El Fatah;211
1558;El Fejij;256
1559;El Friouet;205
1560;Keblia Sud;208
1561;Kebilia Nord;209
1562;El Ksour;254
1563;El Guettar;207
1564;El Ketitir;211
1565;El Katifa;205
1566;El Gfi;205
1567;El Kantra;255
1568;El Kabbara;256
1569;El Karma;206
1570;Metbasta;209
1571;El Makhsouma;208
1572;El Messaid;207
1573;El Manara;256
1574;El Menzel;210
1575;El Menchia;209
1576;Elmansoura Sud;208
1577;Elmansoura Nord;208
1578;El Mouisset;211
1579;El Nebech;208
1580;Ennasr;211
1581;El Hadaya;255
1582;El Ooueslatia Est;210
1583;El Ooueslatia Ouest;210
1584;Bir El Helou;254
1585;Bir Bousari;211
1586;Bir Msikine;211
1587;Beriket El Argoub;208
1588;Bouhajla El Ahouez;211
1589;Bouhajla Centre;211
1590;Djebel Erreihane;210
1591;Djebel Essarj;210
1592;Djebel Oouestat;210
1593;Jehina Sud;211
1594;Jehina Nord;211
1595;Hafouz Centre;212
1596;Khit El Oued;212
1597;Dheraa Ettammar;209
1598;Rakada;208
1599;Zroud;208
1600;Zaafrana;208
1601;Zaghdoud;210
1602;Serdiania;205
1603;Sidi Ali Ben Salem;206
1604;Sidi Messaoud;205
1605;Sisseb;205
1606;Sayada Sud;207
1607;Sayada Nord;207
1608;Traza Sud;212
1609;Tarza Nord;207
1610;Abida;206
1611;Ain Bou Morra;205
1612;Ain Djeloula;210
1613;Merguellil;208
1614;Messiouta Ennaguaz;207
1615;Messiouta El Hanachir;207
1616;Maarouf;210
1617;Nasrallah Banlieue;256
1618;Nasrallah Centre;256
1619;Hammed;206
1620;Oued El Khraouia;205
1621;Oued El Jabbes;212
1622;Oued El Hajel;255
1623;Oued El Ksab;210
1624;Garet Hadid;223
1625;Ezzitouna;223
1626;Ech-Cheouachia;228
1627;Mech;230
1628;Gheris Ouest;230
1629;El Mebarkia;228
1630;Kassouda;228
1631;El Jebbes;230
1632;El Henia;228
1633;Sidi Khelif;228
1634;Dheouibet Sud;228
1635;Ouled Haffouz;228
1636;Faiedh;223
1637;El Mohamdia;225
1638;Bennour;223
1639;Ennasr;230
1640;El Amra;220
1641;Bir Bousbiaa;225
1642;El Henia Abazid;223
1643;Ain Rebaou;223
1644;Rahal;225
1645;El Okla;223
1646;Ourgha;225
1647;El Makarem Est;223
1648;Essalama;225
1649;El Makarem;223
1650;El Mezara;225
1651;El Amra;223
1652;Bir Amama;225
1653;El Assouad;223
1654;Meghila;220
1655;Ettouila;226
1656;Oum El Adham (2);226
1657;Oum El Adham (1);226
1658;Essed;220
1659;Ouled Ayouni;219
1660;Sadakia;226
1661;El Friou;226
1662;Cebalet;220
1663;Bir El Hafey;225
1664;Essaida Est;219
1665;El Hichria;226
1666;Sidi Salem;226
1667;Gobrar;219
1668;El Mabrouka;230
1669;Ezzouaraa;230
1670;Meknassy Nord;230
1671;Dheouibet Nord;228
1672;Meknassy Ouest;230
1673;Sidi Ellafi;228
1674;Meknassy Est;230
1675;El Ahouaz;223
1676;Ferch Gharib;219
1677;Essaida Sud;219
1678;Essekba;219
1679;Rihana;219
1680;Ennasr;226
1681;Khechem Ouest;219
1682;El Ayoun;220
1683;Regueb;219
1684;Bou Hedma;221
1685;El Founi;221
1686;Khechem Est;219
1687;Ennour;226
1688;El Omrane;222
1689;Sidi Bouzid Ouest;226
1690;El Omria;222
1691;El Kharrouba;222
1692;El Khorchef;222
1693;Kallel;222
1694;En-Nouamer;222
1695;Menzel Bouzaiane;222
1696;El Abaiedh;229
1697;El Hamima;229
1698;El Adhla;229
1699;Ksar El Hammam Ouest;219
1700;Boudinar;219
1701;Erradhaa Est;219
1702;Erradhaa;219
1703;Gouleb;219
1704;Sidi Bouzid Ouest;226
1705;Ksar El Hammam Est;219
1706;Sidi Bouzid Sud;226
1707;Essaida Nord;219
1708;Essed;221
1709;El Besbes;221
1710;El Khaoui;221
1711;Eddaouara;221
1712;Khobna;221
1713;El Gheris Est;221
1714;El Mansoura Ouest;227
1715;Lazirek;229
1716;El Mansoura Est;227
1717;Jilma Ouest;229
1718;Jilma Est;229
1719;Ouled Brahim;227
1720;El Ouaara;227
1721;Essahla;227
1722;Ghiriouis;224
1723;Souk Jedid;224
1724;Baten Elghezel Nord;229
1725;Baten Elghezel Sud;229
1726;Mezzouna;221
1727;Errabta;227
1728;Sidi Ali Ben Aoun;227
1729;El Ksar;225
1730;Bir Badr;224
1731;Ezzafzaf;224
1732;Erremelia;224
1733;Sekdal;224
1734;Ksaira;224
1735;Ghedir Ezzitoun;229
1736;Zoghmar;229
1737;Selta;229
1738;18-janv;231
1739;Oudna;241
1740;El Bassatine El Gharbya;236
1741;El Bassatine;236
1742;Khelidia;241
1743;Errabta;233
1744;Errisala;241
1745;Ez-Zaouia;241
1746;Ez-Zahra Ville;231
1747;Essalem;241
1748;Taieb Mehiri;239
1749;El Kessibi;241
1750;El Gounna;241
1751;Kabouti;241
1752;Mohamedia;232
1753;La Nouvelle Medina(1);233
1754;La Nouvelle Medina(2);233
1755;El Mourouj (1);234
1756;El Mourouj (3);234
1757;El Mourouj (4);234
1758;El Mourouj (5);234
1759;El Mghira;240
1760;Mongi Slim;239
1761;Mongi Selim;232
1762;El Mehiri;235
1763;El Hidhab;240
1764;El Yasminet;233
1765;Bir El Bey;238
1766;Bir Kassaa;234
1767;Borj Cedria;238
1768;Borj El Louzir;231
1769;Ben Arous Est;235
1770;Ben Arous Ouest;235
1771;Bou Mhel;236
1772;Djebel Ressas;241
1773;Jawhara;242
1774;Hammem Lif Ville 2;237
1775;Hammam Lif Ville;237
1776;Hammam Lif El Malaab;237
1777;Hammem Lif Bou Kornine;237
1778;Hammem Chatt;238
1779;Cite Ibn Arafa;235
1780;Cite El Iskane;235
1781;Cite El Habib;231
1782;Cite Es-Saada;232
1783;Cite El Mostakbel;240
1784;Cite El Nassim;232
1785;Cite Mohamed Ali;237
1786;Douar Elhouch;240
1787;Rades Foret;239
1788;Rades Ville;239
1789;Rades Mellaha;239
1790;Rades Remada;239
1791;Rades Meliane;239
1792;Sidi Ben Arous;235
1793;Sidi Rezig (2);242
1794;Sidi Rezig;242
1795;Sidi Salem El Garsi;241
1796;Sidi Saad;241
1797;Sidi Frej;232
1798;Sidi Mosbah;233
1799;Chela;236
1800;Chebeda;240
1801;Ain Rekad;241
1802;Farhat Hached;234
1803;Farhat Hached;237
1804;Fouchana;240
1805;Mornag Ouest;241
1806;Mornag;241
1807;Megrine Riadh;242
1808;Megrine Superieure;242
1809;Megrine Chaker;242
1810;Megrine Chaker(2);242
1811;Menzel Mabrouk;242
1812;Naassen;240
1813;Noubou;239
1814;Ouled Salama;246
1815;Ibn Zeydoun;246
1816;Djamila;251
1817;El Djouza;248
1818;El Hamra;248
1819;Romadhnia;248
1820;Zouabi;244
1821;Ezzouaraa;251
1822;Esslouguia;246
1823;Es-Sekhira;246
1824;Tebaba;251
1825;Tarhouni;248
1826;Dehiret;251
1827;El Ghraba;244
1828;El Ghorfa;248
1829;El Ghriria;244
1830;El Fraijia;248
1831;El Gueriaat;250
1832;El Kasba;244
1833;El Ksar;250
1834;El Gammarthi;249
1835;El Goussa;248
1836;El Mejaless;248
1837;Mekhachbia;243
1838;El Mzara;244
1839;El Maagoula;243
1840;El Manar;244
1841;El Mounchar;244
1842;El Menchia;245
1843;El Mouatiss;250
1844;En-Nechima;247
1845;En-Nakachia;244
1846;El Heri;250
1847;El Haouari;243
1848;Bir Ettouta;245
1849;Bir El Euch;249
1850;Beja;244
1851;Bellif;251
1852;Bou Hzam;244
1853;Bou-Zenna;251
1854;Teboursouk Ville;245
1855;Testour;246
1856;Tokaber;250
1857;Tibar;247
1858;Djebel Ediss;251
1859;Hammam Siala;243
1860;Cite 26 Fevrier;246
1861;Hidouss;250
1862;Khacheb;249
1863;Kheniguet Ed-Dahane;249
1864;Djebba;247
1865;Dougga;245
1866;Dour Esmail;249
1867;Rihana;245
1868;Zaga;251
1869;Zeldou;246
1870;Zahret Medien Sud;248
1871;Zahret Medien;248
1872;Zouagha;243
1873;Sidi Ahmed El Jedidi;250
1874;Sidi Smail;243
1875;Sidi Erraies;250
1876;Sidi Es-Shili;243
1877;Sidi Ameur;246
1878;Sidi Abdelaziz;246
1879;Sidi Fredj;243
1880;Sidi Medien;250
1881;Sidi Nasr;250
1882;Chaouach;250
1883;Cheikh El Ouediane;249
1884;Sabah;248
1885;Azra;244
1886;Ain El Hammam;245
1887;Ain Ed-Defali;247
1888;Ain El Karma;245
1889;Ain El Melliti;245
1890;Ain Djammala;245
1891;Ain Soltane;244
1892;Ain Younes;246
1893;Ghazia;248
1894;Ghayadha;251
1895;Fadden Es-Souk;245
1896;Fatnassa;251
1897;Goubellat;249
1898;Guerram;249
1899;Guerich El Ouedi;250
1900;Ksar Bardo;244
1901;Ksar Mezouar;244
1902;Kap Negro;251
1903;Malek;248
1904;Medjez El Bab Sud;250
1905;Medjez El Bab Ville;250
1906;Mezougha;246
1907;Mestouta;243
1908;Maghraoua;248
1909;Maktaa Hadid;251
1910;Nefza Est;251
1911;Nefza Ouest;251
1912;Oued Ezzargua;246
1913;Oued El Maaden;251
1914;Ouechtata;251
1915;Es-Sefeia;45
1916;Et-Tabia;45
1917;Djeradou;45
1918;Sakiet Sidi Youssef;45
1919;Sidi Rabeh;45
1920;Ain El Karma;45
1921;Ain Mazer;45
1922;Forchane;45
1923;El Houdh;51
1924;Ennajet;51
1925;Tajerouine Sud;51
1926;Tajerouine Nord;51
1927;Jezza;51
1928;Cite Bourguiba;51
1929;Sidi M'Tir;51
1930;Sidi Abdelbasset;51
1931;Garn Halfaia;51
1932;Haouareth Sud;46
1933;Oued Remel Sud;46
1934;Oued Remel Nord;46
1935;Ledhieb;44
1936;Chetatla;44
1937;Touiref;44
1938;El Ksar;44
1939;Bahra;44
1940;Tel El Ghozlane;44
1941;Sarkaouna;44
1942;Sidi Khiar;44
1943;Sidi Medien;44
1944;Mellegue;44
1945;Mellala;44
1946;Nebeur;44
1947;Oueljet Essedra;44
1948;Haouareth Nord;47
1949;Zaafrane;47
1950;Charfine;47
1951;Ben Ainine;47
1952;Hached;47
1953;Dyr El Kef;47
1954;Oued Souani Sud;47
1955;Oued Souani;47
1956;Elles;54
1957;El Abar Est;54
1958;El Abar;54
1959;Lorbeus;54
1960;Es-Sers Sud;54
1961;Es-Sers Nord;54
1962;El Marja;54
1963;Bousliaa;54
1964;Cite Ennour;54
1965;Farhat Hached;21
1966;Ech-Charguia;21
1967;Hay Es Salem;21
1968;Cite Jardin;21
1969;Ali Belhouane;21
1970;Khereiddine Pacha;21
1971;El Bouhaira;21
1972;Cite El Khadra;21
1973;Bab Benat;20
1974;El Taoufik;20
1975;Sidi Boumendil;20
1976;Sidi Ali Azouz;20
1977;El Sabaghine;20
1978;Bab Mnara;20
1979;El Zraria;20
1980;El Assouak;20
1981;El Hafsia;20
1982;Tourbet El Bey;20
1983;Souk El Nhes;20
1984;La Medina;20
1985;Habib Thameur;22
1986;Les Jardins;22
1987;Mongi Slim;22
1988;Bab El Bhar;22
1989;Hedi Chaker;22
1990;Taieb El M'Hiri;22
1991;Sidi El Bahri;22
1992;Lac De Tunis;22
1993;El Halfaouine;19
1994;Bab El Assel;19
1995;Bab El Khadra;19
1996;Bab Sidi Abdessalem;19
1997;Tronja;19
1998;Hammam El Rmimi;19
1999;Bab Souika;19
2000;Sidi Djebali;19
2001;Borj Zouara;19
2002;Zaouiet El Bekria;19
2003;Bab Saadoun;19
2004;Djebel El Ahmar;18
2005;El Omrane;18
2006;Ras Tabia;18
2007;Cite Des Oliviers;18
2008;Bir Atig;18
2009;Oued El Sebai;18
2010;Es-Sadique;16
2011;Cite El Intilaka;16
2012;Ahmed Tlili;16
2013;Cite Ibn Khaldoun Vi;16
2014;El Nassim;16
2015;El Romana;16
2016;El Omrane Superieur;16
2017;Cite Ibn Khaldoun I;16
2018;Ettahrir (1);15
2019;Ettahrir Superieur;15
2020;Ettahrir (3);15
2021;El Hadika;15
2022;Ettahrir (2);15
2023;01-juin;17
2024;El Fath;17
2025;El Menzah;17
2026;El Manar (1);17
2027;El Manar;17
2028;Ali Belhouane;14
2029;Mellassine;14
2030;Cite Helel;14
2031;En-Najah;14
2032;Cite Des Martyrs;14
2033;Bir Anniba;14
2034;Ezzouhour Iv;13
2035;Ezzouhour;13
2036;Cite Tayarane;13
2037;Es-Soumrane;13
2038;Bach-Hamba;13
2039;Es-Saada;13
2040;El Antit;11
2041;Ezzahrouni;11
2042;El Akba Superieur;11
2043;El Akba;11
2044;Tarak Ibn Ziad;11
2045;El Foula;11
2046;Ezzouhour V;11
2047;El-Hrairia;11
2048;Ghedir El Golla;11
2049;Bou-Gatfa;23
2050;Cite Mohamed Ali;23
2051;Sidi Belhassen;23
2052;Tahar Sfar;23
2053;Cite El Izdihar;23
2054;El Ouardia;23
2055;Byrine;12
2056;20-mars;12
2057;25-juil;12
2058;Meghiret Inzel;12
2059;Sidi Hassine;12
2060;Cite Ennour;25
2061;Ibn Sina 1;25
2062;El Mourouj (2);25
2063;El Kabaria (1);25
2064;El Kabaria (4);25
2065;El Kabaria (3);25
2066;Ibn Sina 2;25
2067;El Kabaria (2);25
2068;Sidi El Bechir;24
2069;Sidi Mansour;24
2070;Abulkacem Ech-Chebbi;24
2071;Saida Manoubia;24
2072;Farhat Hached;24
2073;Maakel Ezzaim;24
2074;Es-Sebkha;26
2075;Sidi Fathallah;26
2076;Cite El Fath;26
2077;El Garjouma;26
2078;Djebel Djeloud;26
2079;El Afrane;26
2080;Ali Bach-Hamba;26
2081;El Medina;114
2082;Cite El Jala;144
