id;first_name;last_name;email;phone;creation_date;municipality_id
1;Mafalda;Davis;Antonietta_Skiles57@gmail.com;711.395.9300 x4017;2020-03-24;1
2;Jimmie;Raynor;Elizabeth_Boyle@hotmail.com;350-543-6133;2020-03-24;2
3;Theron;Sauer;Chris.Nienow@hotmail.com;953.897.7197 x13008;2020-03-24;3
4;Eloy;Douglas;Tamia_Marvin40@hotmail.com;132.055.6068;2020-03-24;4
5;Abe;Bednar;Camden24@hotmail.com;490-813-8515;2020-03-25;5
6;Roger;Fay;Damaris14@yahoo.com;1-671-779-0569;2020-03-24;6
7;Jovan;Weissnat;Chauncey_Toy@hotmail.com;1-917-768-5180;2020-03-24;7
8;Dale;Torp;Damian_Bergnaum@hotmail.com;251.420.5070;2020-03-24;8
9;Amie;Wilkinson;Carmella30@hotmail.com;523-429-7409;2020-03-24;9
10;Cierra;Kshlerin;Louisa_Wintheiser@yahoo.com;(365) 983-9890 x5273;2020-03-24;10
